{
  "random_forest": {
    "accuracy": 0.846,
    "precision": 0.6246851385390428,
    "recall": 0.6093366093366094,
    "f1": 0.6169154228855721,
    "roc_auc": 0.8553067705610078
  },
  "xgboost": {
    "accuracy": 0.8615,
    "precision": 0.6957831325301205,
    "recall": 0.5675675675675675,
    "f1": 0.625169147496617,
    "roc_auc": 0.8573056878141623
  }
}